file,accuracy,majority_baseline,precision,recall,f1,prompt
name_1,0.9140811455847256,0.9379474940334128,0.7307692307692307,0.3958333333333333,0.5135135135135135,prompt_en_name_1