file_id,agreement
820.0,0.5833333333333333
860.0,0.736842105263158
900.0,0.8979591836734694
940.0,0.8477157360406091
980.0,0.8461538461538461
1020.0,0.7
1060.0,0.7953964194373402
1100.0,0.949748743718593
1140.0,0.7959183673469388
1180.0,0.9
