file_id,agreement
420.0,0.8492462311557789
460.0,0.7
500.0,0.7487437185929648
540.0,0.7536945812807881
580.0,0.8958333333333334
620.0,0.6052631578947368
660.0,0.6446700507614214
700.0,0.7959183673469388
740.0,0.6703296703296704
780.0,0.8265895953757225
