file_id,agreement
2220.0,0.7536945812807881
2270.0,0.776386404293381
2320.0,0.6073298429319371
2370.0,0.6627318718381112
2420.0,0.7580645161290323
2470.0,0.6627318718381112
2520.0,0.44968553459119487
2570.0,0.5222929936305732
2620.0,0.7191011235955056
2670.0,0.6799999999999999
2720.0,0.4382022471910112
2770.0,0.511400651465798
2820.0,0.5975855130784709
2870.0,0.722662440570523
2920.0,0.6902654867256637
2970.0,0.7244094488188977
