file_id,agreement
0.0,0.0
30.0,0.2990654205607476
60.0,0.5
90.0,0.15584415584415579
120.0,0.18410041841004188
150.0,0.8611111111111112
180.0,0.7058823529411765
210.0,0.7982062780269058
240.0,0.6666666666666667
270.0,0.5909090909090909
300.0,0.3902439024390243
330.0,0.5588235294117647
360.0,0.8
390.0,0.7887323943661971
