,Personal_Name,Specialty,Positivity,Culture,Location,Ambiance,Pun_Creative
0,0.8297115895800113,0.8972497174367229,0.8037503356601196,0.8650485690200097,0.8882583879927429,0.8801013429125382,0.8976109215017078
