,Personal_Name,Specialty,Positivity,Culture,Location,Ambiance,Pun_Creative,Romanized
0,0.8232380952380954,0.8292165271691689,0.8049746387101898,0.8803374483955246,0.9343003840075513,0.8477540648895757,0.8544254658385103,0.7913079214161951
